X,cep,aps,Latitude,Longitude,lat_aps,long_aps,centerLat,centerLong,grupo
1,22050002,17001160,-22.9670991,-43.1805367,-22.978205,-43.190641,-22.9657331,-43.1835126,1
2,22070011,17001160,-22.9839115,-43.1906061,-22.978205,-43.190641,-22.9784463,-43.1918982,3
3,22060900,17001160,-22.9792041,-43.1898495,-22.978205,-43.190641,-22.9784463,-43.1918982,3
4,22070012,17001160,-22.9839115,-43.1906061,-22.978205,-43.190641,-22.9784463,-43.1918982,3
5,22070002,17001160,-22.9844111,-43.1892952,-22.978205,-43.190641,-22.9784463,-43.1918982,3
6,22070900,17001160,-22.9740535,-43.1874285,-22.978205,-43.190641,-22.9784463,-43.1918982,3
7,22041901,17001160,-22.9668457,-43.1928756,-22.978205,-43.190641,-22.9657331,-43.1835126,1
8,22050901,17001160,-22.9669548,-43.1801647,-22.978205,-43.190641,-22.9657331,-43.1835126,1
9,22060002,17001160,-22.9807567,-43.1911138,-22.978205,-43.190641,-22.9784463,-43.1918982,3
10,22061030,17001160,-22.976601,-43.1976968,-22.978205,-43.190641,-22.9784463,-43.1918982,3
11,22050001,17001160,-22.9712302,-43.1869985,-22.978205,-43.190641,-22.9657331,-43.1835126,1
12,22031112,17001160,-22.9626153,-43.1911682,-22.978205,-43.190641,-22.9657331,-43.1835126,1
13,22050900,17001160,-22.9669548,-43.1801647,-22.978205,-43.190641,-22.9657331,-43.1835126,1
14,22020002,17001160,-22.9659945,-43.1783454,-22.978205,-43.190641,-22.9657331,-43.1835126,1
15,22010000,17001160,-22.9644929,-43.1732302,-22.978205,-43.190641,-22.9657331,-43.1835126,1
16,22020001,17001160,-22.9739816,-43.1889378,-22.978205,-43.190641,-22.9784463,-43.1918982,3
17,22021001,17001160,-22.9687857,-43.1807445,-22.978205,-43.190641,-22.9657331,-43.1835126,1
18,22021000,17001160,-22.965321,-43.1741813,-22.978205,-43.190641,-22.9657331,-43.1835126,1
19,22020970,17001160,-22.9621959,-43.1783486,-22.978205,-43.190641,-22.9657331,-43.1835126,1
20,22011010,17001160,-22.9631215,-43.1746584,-22.978205,-43.190641,-22.9657331,-43.1835126,1
21,22050903,17001160,-22.9669548,-43.1801647,-22.978205,-43.190641,-22.9657331,-43.1835126,1
22,22011971,17001160,-22.9614409,-43.1735053,-22.978205,-43.190641,-22.9657331,-43.1835126,1
23,22050902,17001160,-22.9669548,-43.1801647,-22.978205,-43.190641,-22.9657331,-43.1835126,1
24,22031111,17001160,-22.9626153,-43.1911682,-22.978205,-43.190641,-22.9657331,-43.1835126,1
25,22081031,17001150,-22.9858454,-43.1942934,-22.971622,-43.188442,-22.9784463,-43.1918982,3
26,22041001,17001160,-22.9717478,-43.1846948,-22.978205,-43.190641,-22.9657331,-43.1835126,1
27,22070000,17001160,-22.9750051,-43.187385,-22.978205,-43.190641,-22.9784463,-43.1918982,3
28,22070001,17001160,-22.9782332,-43.1887897,-22.978205,-43.190641,-22.9784463,-43.1918982,3
29,22031000,17001160,-22.9687136,-43.1839705,-22.978205,-43.190641,-22.9657331,-43.1835126,1
30,22060970,17001160,-22.9792041,-43.1898495,-22.978205,-43.190641,-22.9784463,-43.1918982,3
31,22060001,17001160,-22.9807567,-43.1911138,-22.978205,-43.190641,-22.9784463,-43.1918982,3
32,22060030,17001160,-22.9781081,-43.1896959,-22.978205,-43.190641,-22.9784463,-43.1918982,3
33,22041050,17001160,-22.9668457,-43.1928756,-22.978205,-43.190641,-22.9657331,-43.1835126,1
34,22011020,17001160,-22.9621646,-43.1758622,-22.978205,-43.190641,-22.9657331,-43.1835126,1
35,22011040,17001160,-22.9633947,-43.1752502,-22.978205,-43.190641,-22.9657331,-43.1835126,1
36,22040030,17001160,-22.9645233,-43.1803462,-22.978205,-43.190641,-22.9657331,-43.1835126,1
37,22060040,17001160,-22.9798824,-43.1910059,-22.978205,-43.190641,-22.9784463,-43.1918982,3
38,22020030,17001160,-22.9621959,-43.1783486,-22.978205,-43.190641,-22.9657331,-43.1835126,1
39,22041080,17001160,-22.9677087,-43.1892128,-22.978205,-43.190641,-22.9657331,-43.1835126,1
40,22011080,17001160,-22.9645233,-43.1803462,-22.978205,-43.190641,-22.9657331,-43.1835126,1
41,22011901,17001160,-22.9614409,-43.1735053,-22.978205,-43.190641,-22.9657331,-43.1835126,1
42,22020070,17001160,-22.9621959,-43.1783486,-22.978205,-43.190641,-22.9657331,-43.1835126,1
43,22011970,17001160,-22.9614409,-43.1735053,-22.978205,-43.190641,-22.9657331,-43.1835126,1
44,22031060,17001160,-22.9639633,-43.1912473,-22.978205,-43.190641,-22.9657331,-43.1835126,1
45,22081032,17001150,-22.9851232,-43.1952964,-22.971622,-43.188442,-22.9784463,-43.1918982,3
46,22070020,17001160,-22.9865556,-43.1883242,-22.978205,-43.190641,-22.9784463,-43.1918982,3
47,22011011,17001150,-22.9629495,-43.1747915,-22.971622,-43.188442,-22.9657331,-43.1835126,1
48,22061040,17001210,-22.9769047,-43.1938344,-22.977273,-43.190863,-22.9784463,-43.1918982,3
49,22031130,17001160,-22.9660917,-43.1880338,-22.978205,-43.190641,-22.9657331,-43.1835126,1
50,22040050,17001160,-22.9697135,-43.184085,-22.978205,-43.190641,-22.9657331,-43.1835126,1
51,22061020,17001210,-22.9756546,-43.1923033,-22.977273,-43.190863,-22.9784463,-43.1918982,3
52,22040901,17001160,-22.9689026,-43.1850073,-22.978205,-43.190641,-22.9657331,-43.1835126,1
53,22051012,17001150,-22.9748916,-43.1872913,-22.971622,-43.188442,-22.9784463,-43.1918982,3
54,22051020,17001160,-22.9720614,-43.1900124,-22.978205,-43.190641,-22.9784463,-43.1918982,3
55,22040001,17001160,-22.9686243,-43.1857895,-22.978205,-43.190641,-22.9657331,-43.1835126,1
56,22061021,17001210,-22.9747594,-43.197717,-22.977273,-43.190863,-22.9784463,-43.1918982,3
57,22021050,17001160,-22.9652183,-43.1833188,-22.978205,-43.190641,-22.9657331,-43.1835126,1
58,22011001,17001210,-22.9640719,-43.1787853,-22.977273,-43.190863,-22.9657331,-43.1835126,1
59,22040002,17001160,-22.9682999,-43.1852364,-22.978205,-43.190641,-22.9657331,-43.1835126,1
60,22050032,17001150,-22.9745731,-43.1905153,-22.971622,-43.188442,-22.9784463,-43.1918982,3
61,22051011,17001150,-22.9728835,-43.1908261,-22.971622,-43.188442,-22.9784463,-43.1918982,3
62,22051973,17001160,-22.9720434,-43.1898495,-22.978205,-43.190641,-22.9784463,-43.1918982,3
63,22030010,17001160,-22.9642593,-43.1804746,-22.978205,-43.190641,-22.9657331,-43.1835126,1
64,22051002,17001150,-22.9756546,-43.1923033,-22.971622,-43.188442,-22.9784463,-43.1918982,3
65,22051001,17001150,-22.9714027,-43.1893664,-22.971622,-43.188442,-22.9784463,-43.1918982,3
66,22050031,17001150,-22.975442,-43.1876342,-22.971622,-43.188442,-22.9784463,-43.1918982,3
67,22041040,17001160,-22.966324,-43.1901327,-22.978205,-43.190641,-22.9657331,-43.1835126,1
68,22051021,17001150,-22.9720515,-43.1900074,-22.971622,-43.188442,-22.9784463,-43.1918982,3
69,22020010,17001160,-22.9638123,-43.1762277,-22.978205,-43.190641,-22.9657331,-43.1835126,1
70,22041090,17001160,-22.9677087,-43.1892128,-22.978205,-43.190641,-22.9657331,-43.1835126,1
71,22030900,17001160,-22.9629505,-43.1831914,-22.978205,-43.190641,-22.9657331,-43.1835126,1
72,22020050,17001160,-22.9657015,-43.1791444,-22.978205,-43.190641,-22.9657331,-43.1835126,1
73,22011900,17001160,-22.9614409,-43.1735053,-22.978205,-43.190641,-22.9657331,-43.1835126,1
74,22051974,17001160,-22.9720434,-43.1898495,-22.978205,-43.190641,-22.9784463,-43.1918982,3
75,22051030,17001160,-22.9715362,-43.1906752,-22.978205,-43.190641,-22.9784463,-43.1918982,3
76,22081020,17001160,-22.9844176,-43.1926201,-22.978205,-43.190641,-22.9784463,-43.1918982,3
77,22081000,17001160,-22.9846964,-43.1935143,-22.978205,-43.190641,-22.9784463,-43.1918982,3
78,22011002,17001210,-22.9640719,-43.1787853,-22.977273,-43.190863,-22.9657331,-43.1835126,1
79,22081001,17001160,-22.9846964,-43.1935143,-22.978205,-43.190641,-22.9784463,-43.1918982,3
80,22071120,17001160,-22.9825018,-43.197328,-22.978205,-43.190641,-22.9784463,-43.1918982,3
81,22290110,17001160,-22.9601065,-43.1767217,-22.978205,-43.190641,-22.9657331,-43.1835126,1
82,22020020,17001160,-22.964749,-43.1783703,-22.978205,-43.190641,-22.9657331,-43.1835126,1
83,22080040,17001160,-22.9870886,-43.1916513,-22.978205,-43.190641,-22.9784463,-43.1918982,3
84,22031100,17001160,-22.9634292,-43.1943468,-22.978205,-43.190641,-22.9657331,-43.1835126,1
85,22050011,17001150,-22.9699568,-43.1839369,-22.971622,-43.188442,-22.9657331,-43.1835126,1
86,22011050,17001160,-22.9654,-43.180802,-22.978205,-43.190641,-22.9657331,-43.1835126,1
87,22071020,17001210,-22.9786161,-43.191477,-22.977273,-43.190863,-22.9784463,-43.1918982,3
88,22011030,17001160,-22.9620161,-43.1771158,-22.978205,-43.190641,-22.9657331,-43.1835126,1
89,22061060,17001210,-22.9738362,-43.1943975,-22.977273,-43.190863,-22.9784463,-43.1918982,3
90,22031011,17001150,-22.9690469,-43.1869922,-22.971622,-43.188442,-22.9657331,-43.1835126,1
91,22011060,17001160,-22.9659386,-43.1805236,-22.978205,-43.190641,-22.9657331,-43.1835126,1
92,22050012,17001150,-22.9715111,-43.1859386,-22.971622,-43.188442,-22.9657331,-43.1835126,1
93,22021030,17001160,-22.9670991,-43.1805367,-22.978205,-43.190641,-22.9657331,-43.1835126,1
94,22080041,17001160,-22.9870065,-43.1911948,-22.978205,-43.190641,-22.9784463,-43.1918982,3
95,22031012,17001150,-22.9717493,-43.1846794,-22.971622,-43.188442,-22.9657331,-43.1835126,1
96,22290120,17001160,-22.9611029,-43.1785563,-22.978205,-43.190641,-22.9657331,-43.1835126,1
97,22080010,17001160,-22.9831907,-43.1919385,-22.978205,-43.190641,-22.9784463,-43.1918982,3
98,22031020,17001160,-22.9690469,-43.1869922,-22.978205,-43.190641,-22.9657331,-43.1835126,1
99,22051971,17001160,-22.9720434,-43.1898495,-22.978205,-43.190641,-22.9784463,-43.1918982,3
100,22040010,17001160,-22.9672016,-43.1835627,-22.978205,-43.190641,-22.9657331,-43.1835126,1
101,22071000,17001210,-22.9777221,-43.1915861,-22.977273,-43.190863,-22.9784463,-43.1918982,3
102,22030030,17001160,-22.9638748,-43.1816745,-22.978205,-43.190641,-22.9657331,-43.1835126,1
103,22040020,17001160,-22.9677257,-43.1843804,-22.978205,-43.190641,-22.9657331,-43.1835126,1
104,22060020,17001210,-22.9766015,-43.1913996,-22.977273,-43.190863,-22.9784463,-43.1918982,3
105,22071030,17001210,-22.9774568,-43.1963274,-22.977273,-43.190863,-22.9784463,-43.1918982,3
106,22031090,17001160,-22.9674846,-43.1878901,-22.978205,-43.190641,-22.9657331,-43.1835126,1
107,22011090,17001160,-22.9634394,-43.1803211,-22.978205,-43.190641,-22.9657331,-43.1835126,1
108,22040041,17001150,-22.9689026,-43.1850073,-22.971622,-43.188442,-22.9657331,-43.1835126,1
109,22041020,17001160,-22.9640262,-43.1921423,-22.978205,-43.190641,-22.9657331,-43.1835126,1
110,22080030,17001160,-22.9862199,-43.1922938,-22.978205,-43.190641,-22.9784463,-43.1918982,3
111,22041060,17001160,-22.966324,-43.1901327,-22.978205,-43.190641,-22.9657331,-43.1835126,1
112,22071090,17001210,-22.9835329,-43.1950209,-22.977273,-43.190863,-22.9784463,-43.1918982,3
113,22031050,17001160,-22.9662385,-43.1893646,-22.978205,-43.190641,-22.9657331,-43.1835126,1
114,22041070,17001160,-22.9667595,-43.1907029,-22.978205,-43.190641,-22.9657331,-43.1835126,1
115,22071040,17001210,-22.9771003,-43.1955537,-22.977273,-43.190863,-22.9784463,-43.1918982,3
116,22041030,17001160,-22.9679571,-43.1904035,-22.978205,-43.190641,-22.9657331,-43.1835126,1
117,22061000,17001210,-22.9737533,-43.1926185,-22.977273,-43.190863,-22.9784463,-43.1918982,3
118,22020060,17001160,-22.9662785,-43.1814229,-22.978205,-43.190641,-22.9657331,-43.1835126,1
119,22040900,17001160,-22.9689026,-43.1850073,-22.978205,-43.190641,-22.9657331,-43.1835126,1
120,22040021,17001210,-22.9683015,-43.1839514,-22.977273,-43.190863,-22.9657331,-43.1835126,1
121,22081025,17001160,-22.9844176,-43.1926201,-22.978205,-43.190641,-22.9784463,-43.1918982,3
122,22060021,17001210,-22.9759489,-43.1912646,-22.977273,-43.190863,-22.9784463,-43.1918982,3
123,22061900,17001210,-22.9747594,-43.197717,-22.977273,-43.190863,-22.9784463,-43.1918982,3
124,22071001,17001210,-22.9777221,-43.1915861,-22.977273,-43.190863,-22.9784463,-43.1918982,3
125,22030040,17001160,-22.9647721,-43.182748,-22.978205,-43.190641,-22.9657331,-43.1835126,1
126,22030020,17001160,-22.9637463,-43.1814878,-22.978205,-43.190641,-22.9657331,-43.1835126,1
127,22030001,17001150,-22.9670297,-43.1860265,-22.971622,-43.188442,-22.9657331,-43.1835126,1
128,22031040,17001160,-22.9666858,-43.1889948,-22.978205,-43.190641,-22.9657331,-43.1835126,1
129,22040042,17001150,-22.9712899,-43.1892675,-22.971622,-43.188442,-22.9784463,-43.1918982,3
130,22021010,17001160,-22.9642485,-43.1772519,-22.978205,-43.190641,-22.9657331,-43.1835126,1
131,22031071,17001150,-22.9700047,-43.1839018,-22.971622,-43.188442,-22.9657331,-43.1835126,1
132,22081010,17001160,-22.9820342,-43.1922794,-22.978205,-43.190641,-22.9784463,-43.1918982,3
133,22040970,17001160,-22.9689026,-43.1850073,-22.978205,-43.190641,-22.9657331,-43.1835126,1
134,22031900,17001160,-22.9660917,-43.1880338,-22.978205,-43.190641,-22.9657331,-43.1835126,1
135,22041012,17001150,-22.972974,-43.1858259,-22.971622,-43.188442,-22.9657331,-43.1835126,1
136,22041011,17001150,-22.9729968,-43.1858541,-22.971622,-43.188442,-22.9657331,-43.1835126,1
137,22041902,17001160,-22.9668457,-43.1928756,-22.978205,-43.190641,-22.9657331,-43.1835126,1
138,22031072,17001150,-22.9679911,-43.1854806,-22.971622,-43.188442,-22.9657331,-43.1835126,1
139,22021020,17001160,-22.9642485,-43.1772519,-22.978205,-43.190641,-22.9657331,-43.1835126,1
140,22020040,17001160,-22.9657015,-43.1791444,-22.978205,-43.190641,-22.9657331,-43.1835126,1
141,22080001,17001150,-22.9820342,-43.1922794,-22.971622,-43.188442,-22.9784463,-43.1918982,3
142,22031901,17001160,-22.9660917,-43.1880338,-22.978205,-43.190641,-22.9657331,-43.1835126,1
143,22031030,17001160,-22.9686713,-43.1873172,-22.978205,-43.190641,-22.9657331,-43.1835126,1
144,22021040,17001160,-22.966613,-43.1826368,-22.978205,-43.190641,-22.9657331,-43.1835126,1
145,22071060,17001210,-22.9809892,-43.1940848,-22.977273,-43.190863,-22.9784463,-43.1918982,3
146,22071100,17001160,-22.9811614,-43.1925501,-22.978205,-43.190641,-22.9784463,-43.1918982,3
147,22071101,17001160,-22.9811963,-43.1925377,-22.978205,-43.190641,-22.9784463,-43.1918982,3
148,22080002,17001150,-22.9869237,-43.1907958,-22.971622,-43.188442,-22.9784463,-43.1918982,3
149,22041900,17001160,-22.9668457,-43.1928756,-22.978205,-43.190641,-22.9657331,-43.1835126,1
150,22071010,17001210,-22.9786161,-43.191477,-22.977273,-43.190863,-22.9784463,-43.1918982,3
151,22030002,17001150,-22.9661989,-43.1843264,-22.971622,-43.188442,-22.9657331,-43.1835126,1
152,22260152,17001150,-22.9477513,-43.1928756,-22.971622,-43.188442,-22.9505288,-43.1926064,0
153,22260188,17001150,-22.9483486,-43.1939781,-22.971622,-43.188442,-22.9505288,-43.1926064,0
154,22260157,17001150,-22.9472509,-43.1949514,-22.971622,-43.188442,-22.9505288,-43.1926064,0
155,22260189,17001150,-22.9477513,-43.1928756,-22.971622,-43.188442,-22.9505288,-43.1926064,0
156,22011100,17001160,-22.9634394,-43.1803211,-22.978205,-43.190641,-22.9657331,-43.1835126,1
157,22290970,17001150,-22.9534631,-43.175927,-22.971622,-43.188442,-22.9489104,-43.1807636,2
158,22260137,17001150,-22.9477513,-43.1928756,-22.971622,-43.188442,-22.9505288,-43.1926064,0
159,22290903,17001150,-22.9534631,-43.175927,-22.971622,-43.188442,-22.9489104,-43.1807636,2
160,22290140,17001150,-22.953013,-43.1763158,-22.971622,-43.188442,-22.9489104,-43.1807636,2
161,22260192,17001150,-22.948584,-43.1938412,-22.971622,-43.188442,-22.9505288,-43.1926064,0
162,22071070,17001210,-22.9787638,-43.1946912,-22.977273,-43.190863,-22.9784463,-43.1918982,3
163,22031120,17001160,-22.9655099,-43.1880466,-22.978205,-43.190641,-22.9657331,-43.1835126,1
164,22061050,17001210,-22.9741433,-43.1943977,-22.977273,-43.190863,-22.9784463,-43.1918982,3
165,22061011,17001210,-22.9766965,-43.1912925,-22.977273,-43.190863,-22.9784463,-43.1918982,3
166,22071080,17001210,-22.9787638,-43.1946912,-22.977273,-43.190863,-22.9784463,-43.1918982,3
167,22250150,17001150,-22.9469276,-43.1816581,-22.971622,-43.188442,-22.9489104,-43.1807636,2
168,22290070,17001150,-22.9538848,-43.1787054,-22.971622,-43.188442,-22.9489104,-43.1807636,2
169,22030050,17001160,-22.9661329,-43.1862187,-22.978205,-43.190641,-22.9657331,-43.1835126,1
170,22260191,17001150,-22.948463,-43.1938226,-22.971622,-43.188442,-22.9505288,-43.1926064,0
171,22061070,17001210,-22.9736306,-43.1937834,-22.977273,-43.190863,-22.9784463,-43.1918982,3
172,22290090,17001150,-22.9588861,-43.1769971,-22.971622,-43.188442,-22.9657331,-43.1835126,1
173,22260148,17001150,-22.9477513,-43.1928756,-22.971622,-43.188442,-22.9505288,-43.1926064,0
174,22061010,17001210,-22.9766015,-43.1913996,-22.977273,-43.190863,-22.9784463,-43.1918982,3
175,22260135,17001150,-22.9477273,-43.1944267,-22.971622,-43.188442,-22.9505288,-43.1926064,0
176,22290240,17001150,-22.9517643,-43.1743733,-22.971622,-43.188442,-22.9489104,-43.1807636,2
177,22061080,17001210,-22.9722818,-43.1927048,-22.977273,-43.190863,-22.9784463,-43.1918982,3
178,22290210,17001150,-22.9494335,-43.1795426,-22.971622,-43.188442,-22.9489104,-43.1807636,2
179,22050020,17001160,-22.9713756,-43.1880759,-22.978205,-43.190641,-22.9657331,-43.1835126,1
180,22260124,17001150,-22.9483076,-43.1935501,-22.971622,-43.188442,-22.9505288,-43.1926064,0
181,22260130,17001150,-22.9503172,-43.1928547,-22.971622,-43.188442,-22.9505288,-43.1926064,0
182,22281132,17001150,-22.9619796,-43.1904587,-22.971622,-43.188442,-22.9657331,-43.1835126,1
183,22260184,17001150,-22.9477513,-43.1928756,-22.971622,-43.188442,-22.9505288,-43.1926064,0
184,22250000,17001150,-22.9407036,-43.1762808,-22.971622,-43.188442,-22.9489104,-43.1807636,2
185,22260181,17001150,-22.9477513,-43.1928756,-22.971622,-43.188442,-22.9505288,-43.1926064,0
186,22260180,17001150,-22.9477513,-43.1928756,-22.971622,-43.188442,-22.9505288,-43.1926064,0
187,22231030,17001150,-22.9413911,-43.1823861,-22.971622,-43.188442,-22.9489104,-43.1807636,2
188,22250200,17001150,-22.9454015,-43.1837891,-22.971622,-43.188442,-22.9489104,-43.1807636,2
189,22260139,17001150,-22.9474581,-43.1940794,-22.971622,-43.188442,-22.9505288,-43.1926064,0
190,22231050,17001150,-22.944054,-43.182221,-22.971622,-43.188442,-22.9489104,-43.1807636,2
191,22290050,17001150,-22.9535516,-43.1795691,-22.971622,-43.188442,-22.9489104,-43.1807636,2
192,22290150,17001150,-22.9534631,-43.175927,-22.971622,-43.188442,-22.9489104,-43.1807636,2
193,22250170,17001150,-22.9489438,-43.1823363,-22.971622,-43.188442,-22.9489104,-43.1807636,2
194,22260149,17001150,-22.9474334,-43.1934236,-22.971622,-43.188442,-22.9505288,-43.1926064,0
195,22260134,17001150,-22.9477513,-43.1928756,-22.971622,-43.188442,-22.9505288,-43.1926064,0
196,22281131,17001150,-22.9619796,-43.1904587,-22.971622,-43.188442,-22.9657331,-43.1835126,1
197,22260183,17001150,-22.9477513,-43.1928756,-22.971622,-43.188442,-22.9505288,-43.1926064,0
198,22290130,17001150,-22.9613186,-43.1788624,-22.971622,-43.188442,-22.9657331,-43.1835126,1
199,22290060,17001150,-22.9530416,-43.1763296,-22.971622,-43.188442,-22.9489104,-43.1807636,2
200,22250904,17001150,-22.9407113,-43.1783486,-22.971622,-43.188442,-22.9489104,-43.1807636,2
201,22250901,17001150,-22.9407113,-43.1783486,-22.971622,-43.188442,-22.9489104,-43.1807636,2
202,22250010,17001150,-22.9426827,-43.1767365,-22.971622,-43.188442,-22.9489104,-43.1807636,2
203,22250909,17001150,-22.9407113,-43.1783486,-22.971622,-43.188442,-22.9489104,-43.1807636,2
204,22250908,17001150,-22.9407113,-43.1783486,-22.971622,-43.188442,-22.9489104,-43.1807636,2
205,22260100,17001150,-22.9505026,-43.1928846,-22.971622,-43.188442,-22.9505288,-43.1926064,0
206,22250906,17001150,-22.9407113,-43.1783486,-22.971622,-43.188442,-22.9489104,-43.1807636,2
207,22260206,17001150,-22.9477513,-43.1928756,-22.971622,-43.188442,-22.9505288,-43.1926064,0
208,22250040,17001150,-22.9436733,-43.1812205,-22.971622,-43.188442,-22.9489104,-43.1807636,2
209,22260070,17001150,-22.9471986,-43.1894146,-22.971622,-43.188442,-22.9505288,-43.1926064,0
210,22260195,17001150,-22.9486844,-43.1939346,-22.971622,-43.188442,-22.9505288,-43.1926064,0
211,22260122,17001150,-22.9479827,-43.1929957,-22.971622,-43.188442,-22.9505288,-43.1926064,0
212,22250910,17001160,-22.9407113,-43.1783486,-22.978205,-43.190641,-22.9489104,-43.1807636,2
213,22250905,17001150,-22.9407113,-43.1783486,-22.971622,-43.188442,-22.9489104,-43.1807636,2
214,22260187,17001150,-22.9484381,-43.1934552,-22.971622,-43.188442,-22.9505288,-43.1926064,0
215,22250145,17001160,-22.9439748,-43.1819777,-22.978205,-43.190641,-22.9489104,-43.1807636,2
216,22251050,17001150,-22.9469131,-43.1857716,-22.971622,-43.188442,-22.9489104,-43.1807636,2
217,22260105,17001150,-22.9477513,-43.1928756,-22.971622,-43.188442,-22.9505288,-43.1926064,0
218,22250907,17001150,-22.9407113,-43.1783486,-22.971622,-43.188442,-22.9489104,-43.1807636,2
219,22270080,17001150,-22.9534746,-43.1925763,-22.971622,-43.188442,-22.9505288,-43.1926064,0
220,22281010,17001150,-22.9527293,-43.1945297,-22.971622,-43.188442,-22.9505288,-43.1926064,0
221,22250900,17001150,-22.9407113,-43.1783486,-22.971622,-43.188442,-22.9489104,-43.1807636,2
222,22280110,17001150,-22.957009,-43.1830499,-22.971622,-43.188442,-22.9489104,-43.1807636,2
223,22280070,17001150,-22.9556167,-43.1840454,-22.971622,-43.188442,-22.9489104,-43.1807636,2
224,22260155,17001150,-22.9477513,-43.1928756,-22.971622,-43.188442,-22.9505288,-43.1926064,0
225,22231000,17001150,-22.9407036,-43.1762808,-22.971622,-43.188442,-22.9489104,-43.1807636,2
226,22260020,17001150,-22.9472243,-43.1881107,-22.971622,-43.188442,-22.9505288,-43.1926064,0
227,22270020,17001150,-22.9547872,-43.1940411,-22.971622,-43.188442,-22.9505288,-43.1926064,0
228,22260169,17001150,-22.9474854,-43.1950398,-22.971622,-43.188442,-22.9505288,-43.1926064,0
229,22260050,17001150,-22.9469666,-43.1896614,-22.971622,-43.188442,-22.9505288,-43.1926064,0
230,22260167,17001150,-22.9477513,-43.1928756,-22.971622,-43.188442,-22.9505288,-43.1926064,0
231,22271020,17001150,-22.9543308,-43.1955963,-22.971622,-43.188442,-22.9505288,-43.1926064,0
232,22260120,17001150,-22.9499806,-43.1930384,-22.971622,-43.188442,-22.9505288,-43.1926064,0
233,22290190,17001150,-22.9517648,-43.1769231,-22.971622,-43.188442,-22.9489104,-43.1807636,2
234,22250160,17001150,-22.9522193,-43.1818986,-22.971622,-43.188442,-22.9489104,-43.1807636,2
235,22280080,17001150,-22.9560113,-43.1849921,-22.971622,-43.188442,-22.9489104,-43.1807636,2
236,22281110,17001150,-22.9595919,-43.1921123,-22.971622,-43.188442,-22.9505288,-43.1926064,0
237,22260154,17001150,-22.9471641,-43.1939788,-22.971622,-43.188442,-22.9505288,-43.1926064,0
238,22251030,17001150,-22.9443217,-43.1865825,-22.971622,-43.188442,-22.9489104,-43.1807636,2
239,22260166,17001150,-22.9468389,-43.1945749,-22.971622,-43.188442,-22.9505288,-43.1926064,0
240,22230090,17001150,-22.9398553,-43.179413,-22.971622,-43.188442,-22.9489104,-43.1807636,2
241,22260193,17001150,-22.9485626,-43.1939387,-22.971622,-43.188442,-22.9505288,-43.1926064,0
242,22260205,17001150,-22.9481313,-43.1944607,-22.971622,-43.188442,-22.9505288,-43.1926064,0
243,22250911,17001160,-22.9407113,-43.1783486,-22.978205,-43.190641,-22.9489104,-43.1807636,2
244,22271000,17001150,-22.9544478,-43.1958406,-22.971622,-43.188442,-22.9505288,-43.1926064,0
245,22260199,17001150,-22.9485691,-43.1945529,-22.971622,-43.188442,-22.9505288,-43.1926064,0
246,22280030,17001150,-22.9512535,-43.1873484,-22.971622,-43.188442,-22.9505288,-43.1926064,0
247,22281150,17001150,-22.9604604,-43.1906697,-22.971622,-43.188442,-22.9657331,-43.1835126,1
248,22270070,17001150,-22.9502716,-43.1920241,-22.971622,-43.188442,-22.9505288,-43.1926064,0
249,22290904,17001150,-22.9534631,-43.175927,-22.971622,-43.188442,-22.9489104,-43.1807636,2
250,22260196,17001150,-22.9483226,-43.1944442,-22.971622,-43.188442,-22.9505288,-43.1926064,0
251,22260146,17001150,-22.9474922,-43.1934158,-22.971622,-43.188442,-22.9505288,-43.1926064,0
252,22290000,17001150,-22.9545568,-43.182559,-22.971622,-43.188442,-22.9489104,-43.1807636,2
253,22260172,17001150,-22.9468548,-43.1941207,-22.971622,-43.188442,-22.9505288,-43.1926064,0
254,22290031,17001150,-22.9535588,-43.1815471,-22.971622,-43.188442,-22.9489104,-43.1807636,2
255,22260136,17001150,-22.9475723,-43.1945213,-22.971622,-43.188442,-22.9505288,-43.1926064,0
256,22260164,17001150,-22.9471654,-43.1951107,-22.971622,-43.188442,-22.9505288,-43.1926064,0
257,22260010,17001150,-22.9494375,-43.186596,-22.971622,-43.188442,-22.9489104,-43.1807636,2
258,22260186,17001150,-22.9482868,-43.1938301,-22.971622,-43.188442,-22.9505288,-43.1926064,0
259,22260179,17001150,-22.9477513,-43.1928756,-22.971622,-43.188442,-22.9505288,-43.1926064,0
260,22260153,17001150,-22.947179,-43.1942444,-22.971622,-43.188442,-22.9505288,-43.1926064,0
261,22260201,17001150,-22.9485797,-43.1941119,-22.971622,-43.188442,-22.9505288,-43.1926064,0
262,22280020,17001150,-22.9529417,-43.188611,-22.971622,-43.188442,-22.9505288,-43.1926064,0
263,22260145,17001150,-22.9475717,-43.1937173,-22.971622,-43.188442,-22.9505288,-43.1926064,0
264,22290030,17001150,-22.9522756,-43.1824792,-22.971622,-43.188442,-22.9489104,-43.1807636,2
265,22260090,17001150,-22.94784,-43.1898369,-22.971622,-43.188442,-22.9505288,-43.1926064,0
266,22260125,17001150,-22.9479672,-43.1934729,-22.971622,-43.188442,-22.9505288,-43.1926064,0
267,22260162,17001150,-22.9471444,-43.1943731,-22.971622,-43.188442,-22.9505288,-43.1926064,0
268,22260156,17001150,-22.9470197,-43.1942175,-22.971622,-43.188442,-22.9505288,-43.1926064,0
269,22260182,17001150,-22.9466969,-43.1945228,-22.971622,-43.188442,-22.9505288,-43.1926064,0
270,22260142,17001150,-22.9473716,-43.1944241,-22.971622,-43.188442,-22.9505288,-43.1926064,0
271,22281100,17001150,-22.9588106,-43.1924914,-22.971622,-43.188442,-22.9505288,-43.1926064,0
272,22290973,17001170,-22.9534631,-43.175927,-22.937902,-43.190976,-22.9489104,-43.1807636,2
273,22231020,17001150,-22.9415451,-43.1814763,-22.971622,-43.188442,-22.9489104,-43.1807636,2
274,22231060,17001150,-22.9407365,-43.1826224,-22.971622,-43.188442,-22.9489104,-43.1807636,2
275,22260176,17001150,-22.9467883,-43.1939055,-22.971622,-43.188442,-22.9505288,-43.1926064,0
276,22281020,17001150,-22.953138,-43.1943433,-22.971622,-43.188442,-22.9505288,-43.1926064,0
277,22290080,17001150,-22.9558314,-43.1803273,-22.971622,-43.188442,-22.9489104,-43.1807636,2
278,22281060,17001150,-22.9566669,-43.1929782,-22.971622,-43.188442,-22.9505288,-43.1926064,0
279,22280005,17001150,-22.9560109,-43.1853547,-22.971622,-43.188442,-22.9489104,-43.1807636,2
280,22290040,17001150,-22.9530406,-43.1771388,-22.971622,-43.188442,-22.9489104,-43.1807636,2
281,22290901,17001150,-22.9534631,-43.175927,-22.971622,-43.188442,-22.9489104,-43.1807636,2
282,22280002,17001150,-22.9566508,-43.187219,-22.971622,-43.188442,-22.9505288,-43.1926064,0
283,22231040,17001150,-22.941918,-43.1822395,-22.971622,-43.188442,-22.9489104,-43.1807636,2
284,22290905,17001150,-22.9534631,-43.175927,-22.971622,-43.188442,-22.9489104,-43.1807636,2
285,22280060,17001150,-22.9554261,-43.1863315,-22.971622,-43.188442,-22.9505288,-43.1926064,0
286,22270060,17001150,-22.9495172,-43.1888273,-22.971622,-43.188442,-22.9505288,-43.1926064,0
287,22281040,17001150,-22.9557592,-43.1933571,-22.971622,-43.188442,-22.9505288,-43.1926064,0
288,22281090,17001150,-22.9578211,-43.1952063,-22.971622,-43.188442,-22.9505288,-43.1926064,0
289,22280970,17001150,-22.9557893,-43.1831914,-22.971622,-43.188442,-22.9489104,-43.1807636,2
290,22260197,17001150,-22.9488696,-43.1940338,-22.971622,-43.188442,-22.9505288,-43.1926064,0
291,22280004,17001150,-22.9560109,-43.1853547,-22.971622,-43.188442,-22.9489104,-43.1807636,2
292,22260190,17001150,-22.9514378,-43.1984893,-22.971622,-43.188442,-22.9505288,-43.1926064,0
293,22280003,17001150,-22.9573422,-43.1892424,-22.971622,-43.188442,-22.9505288,-43.1926064,0
294,22281050,17001150,-22.9554286,-43.1924703,-22.971622,-43.188442,-22.9505288,-43.1926064,0
295,22281140,17001150,-22.9610834,-43.1905699,-22.971622,-43.188442,-22.9657331,-43.1835126,1
296,22260005,17001210,-22.9506728,-43.184179,-22.977273,-43.190863,-22.9489104,-43.1807636,2
297,22290972,17001150,-22.9534631,-43.175927,-22.971622,-43.188442,-22.9489104,-43.1807636,2
298,22260143,17001150,-22.9473362,-43.1939237,-22.971622,-43.188442,-22.9505288,-43.1926064,0
299,22251010,17001150,-22.9418151,-43.1885069,-22.971622,-43.188442,-22.9505288,-43.1926064,0
300,22260128,17001150,-22.9479212,-43.1937562,-22.971622,-43.188442,-22.9505288,-43.1926064,0
301,22260194,17001150,-22.9488647,-43.1939761,-22.971622,-43.188442,-22.9505288,-43.1926064,0
302,22271010,17001150,-22.9530461,-43.1953903,-22.971622,-43.188442,-22.9505288,-43.1926064,0
303,22260129,17001150,-22.9481748,-43.1938876,-22.971622,-43.188442,-22.9505288,-43.1926064,0
304,22271100,17001150,-22.9552929,-43.1888967,-22.971622,-43.188442,-22.9505288,-43.1926064,0
305,22251000,17001150,-22.9406322,-43.1869807,-22.971622,-43.188442,-22.9489104,-43.1807636,2
306,22290906,17001150,-22.9534631,-43.175927,-22.971622,-43.188442,-22.9489104,-43.1807636,2
307,22260040,17001150,-22.9471387,-43.1893099,-22.971622,-43.188442,-22.9505288,-43.1926064,0
308,22280090,17001150,-22.9556167,-43.1840454,-22.971622,-43.188442,-22.9489104,-43.1807636,2
309,22251020,17001150,-22.9418151,-43.1885069,-22.971622,-43.188442,-22.9505288,-43.1926064,0
310,22231010,17001150,-22.9409766,-43.182298,-22.971622,-43.188442,-22.9489104,-43.1807636,2
311,22260203,17001150,-22.9482546,-43.1942906,-22.971622,-43.188442,-22.9505288,-43.1926064,0
312,22251060,17001150,-22.9461807,-43.1868692,-22.971622,-43.188442,-22.9489104,-43.1807636,2
313,22260150,17001150,-22.948909,-43.1933207,-22.971622,-43.188442,-22.9505288,-43.1926064,0
314,22260126,17001150,-22.948078,-43.1940512,-22.971622,-43.188442,-22.9505288,-43.1926064,0
315,22281000,17001150,-22.9527722,-43.1944868,-22.971622,-43.188442,-22.9505288,-43.1926064,0
316,22250210,17001150,-22.946016,-43.1839194,-22.971622,-43.188442,-22.9489104,-43.1807636,2
317,22260127,17001150,-22.9477513,-43.1928756,-22.971622,-43.188442,-22.9505288,-43.1926064,0
318,22260140,17001150,-22.9487117,-43.1930266,-22.971622,-43.188442,-22.9505288,-43.1926064,0
319,22290175,17001150,-22.9563687,-43.1760003,-22.971622,-43.188442,-22.9489104,-43.1807636,2
320,22251040,17001150,-22.9435931,-43.1852571,-22.971622,-43.188442,-22.9489104,-43.1807636,2
321,22260132,17001150,-22.9479972,-43.1940709,-22.971622,-43.188442,-22.9505288,-43.1926064,0
322,22251090,17001150,-22.9460328,-43.1842019,-22.971622,-43.188442,-22.9489104,-43.1807636,2
323,22290160,17001150,-22.9563687,-43.1760003,-22.971622,-43.188442,-22.9489104,-43.1807636,2
324,22260177,17001150,-22.9465198,-43.1947521,-22.971622,-43.188442,-22.9505288,-43.1926064,0
325,22280010,17001150,-22.954343,-43.1867689,-22.971622,-43.188442,-22.9505288,-43.1926064,0
326,22281900,17001150,-22.9521014,-43.1959016,-22.971622,-43.188442,-22.9505288,-43.1926064,0
327,22281035,17001150,-22.957977,-43.1914505,-22.971622,-43.188442,-22.9505288,-43.1926064,0
328,22251080,17001150,-22.9478393,-43.1842394,-22.971622,-43.188442,-22.9489104,-43.1807636,2
329,22260185,17001150,-22.9486427,-43.1935846,-22.971622,-43.188442,-22.9505288,-43.1926064,0
330,22281070,17001150,-22.9577899,-43.1928645,-22.971622,-43.188442,-22.9505288,-43.1926064,0
331,22270050,17001150,-22.9521924,-43.1866519,-22.971622,-43.188442,-22.9505288,-43.1926064,0
332,22260147,17001150,-22.9477513,-43.1928756,-22.971622,-43.188442,-22.9505288,-43.1926064,0
333,22281036,17001150,-22.9562868,-43.192116,-22.971622,-43.188442,-22.9505288,-43.1926064,0
334,22280040,17001150,-22.951459,-43.1825358,-22.971622,-43.188442,-22.9489104,-43.1807636,2
335,22281034,17001150,-22.9524213,-43.1936538,-22.971622,-43.188442,-22.9505288,-43.1926064,0
336,22280100,17001150,-22.9552405,-43.1831332,-22.971622,-43.188442,-22.9489104,-43.1807636,2
337,22281080,17001150,-22.9585181,-43.1949606,-22.971622,-43.188442,-22.9505288,-43.1926064,0
338,22281033,17001150,-22.9524213,-43.1936538,-22.971622,-43.188442,-22.9505288,-43.1926064,0
339,22260123,17001150,-22.9483455,-43.1932203,-22.971622,-43.188442,-22.9505288,-43.1926064,0
340,22270971,17001150,-22.9557278,-43.1904547,-22.971622,-43.188442,-22.9505288,-43.1926064,0
341,22260000,17001150,-22.9493961,-43.1856393,-22.971622,-43.188442,-22.9489104,-43.1807636,2
342,22260001,17001150,-22.949718,-43.1898046,-22.971622,-43.188442,-22.9505288,-43.1926064,0
343,22281032,17001150,-22.9589983,-43.1911359,-22.971622,-43.188442,-22.9505288,-43.1926064,0
344,22270902,17001150,-22.9557278,-43.1904547,-22.971622,-43.188442,-22.9505288,-43.1926064,0
345,22260110,17001150,-22.9509051,-43.1937294,-22.971622,-43.188442,-22.9505288,-43.1926064,0
346,22260900,17001150,-22.9477513,-43.1928756,-22.971622,-43.188442,-22.9505288,-43.1926064,0
347,22260030,17001150,-22.9472243,-43.1881107,-22.971622,-43.188442,-22.9505288,-43.1926064,0
348,22260007,17001150,-22.9499643,-43.190542,-22.971622,-43.188442,-22.9505288,-43.1926064,0
349,22280050,17001150,-22.9550475,-43.1855991,-22.971622,-43.188442,-22.9489104,-43.1807636,2
350,22260133,17001150,-22.9479471,-43.1939319,-22.971622,-43.188442,-22.9505288,-43.1926064,0
351,22260009,17001150,-22.9505528,-43.1927542,-22.971622,-43.188442,-22.9505288,-43.1926064,0
352,22260002,17001150,-22.9495841,-43.1868382,-22.971622,-43.188442,-22.9505288,-43.1926064,0
353,22260970,17001150,-22.9477513,-43.1928756,-22.971622,-43.188442,-22.9505288,-43.1926064,0
354,22260170,17001150,-22.9514378,-43.1984893,-22.971622,-43.188442,-22.9505288,-43.1926064,0
355,22271091,17001150,-22.9577044,-43.1946193,-22.971622,-43.188442,-22.9505288,-43.1926064,0
356,22281120,17001150,-22.9608029,-43.1913983,-22.971622,-43.188442,-22.9657331,-43.1835126,1
357,22260003,17001150,-22.9497388,-43.1871448,-22.971622,-43.188442,-22.9505288,-43.1926064,0
358,22270010,17001150,-22.9536336,-43.1906843,-22.971622,-43.188442,-22.9505288,-43.1926064,0
359,22270012,17001150,-22.952854,-43.188409,-22.971622,-43.188442,-22.9505288,-43.1926064,0
360,22251070,17001150,-22.9469131,-43.1857716,-22.971622,-43.188442,-22.9489104,-43.1807636,2
361,22260006,17001150,-22.9503067,-43.1928137,-22.971622,-43.188442,-22.9505288,-43.1926064,0
362,22270003,17001150,-22.9539705,-43.1914239,-22.971622,-43.188442,-22.9505288,-43.1926064,0
363,22270001,17001150,-22.9528508,-43.1883266,-22.971622,-43.188442,-22.9505288,-43.1926064,0
364,22271110,17001150,-22.9533303,-43.1898181,-22.971622,-43.188442,-22.9505288,-43.1926064,0
365,22290010,17001150,-22.9534016,-43.1824267,-22.971622,-43.188442,-22.9489104,-43.1807636,2
366,22271092,17001150,-22.9576558,-43.1945817,-22.971622,-43.188442,-22.9505288,-43.1926064,0
367,22270000,17001150,-22.9507292,-43.1817215,-22.971622,-43.188442,-22.9489104,-43.1807636,2
368,22250180,17001150,-22.946016,-43.1839194,-22.971622,-43.188442,-22.9489104,-43.1807636,2
369,22260178,17001150,-22.9464364,-43.1942244,-22.971622,-43.188442,-22.9505288,-43.1926064,0
370,22270014,17001150,-22.9538479,-43.1907763,-22.971622,-43.188442,-22.9505288,-43.1926064,0
371,22260004,17001150,-22.9499643,-43.190542,-22.971622,-43.188442,-22.9505288,-43.1926064,0
372,22271022,17001150,-22.9568196,-43.1950927,-22.971622,-43.188442,-22.9505288,-43.1926064,0
373,22271021,17001150,-22.9568201,-43.1949794,-22.971622,-43.188442,-22.9505288,-43.1926064,0
374,22270030,17001150,-22.9547147,-43.1904548,-22.971622,-43.188442,-22.9505288,-43.1926064,0
375,22260080,17001150,-22.9474061,-43.188992,-22.971622,-43.188442,-22.9505288,-43.1926064,0
376,22270005,17001150,-22.9551883,-43.1950792,-22.971622,-43.188442,-22.9505288,-43.1926064,0
377,22270016,17001150,-22.954914,-43.1941319,-22.971622,-43.188442,-22.9505288,-43.1926064,0
378,22260158,17001150,-22.9471138,-43.1947542,-22.971622,-43.188442,-22.9505288,-43.1926064,0
379,22270040,17001150,-22.9530406,-43.1771388,-22.971622,-43.188442,-22.9489104,-43.1807636,2
380,22270903,17001150,-22.9557278,-43.1904547,-22.971622,-43.188442,-22.9505288,-43.1926064,0
381,22270901,17001150,-22.9557278,-43.1904547,-22.971622,-43.188442,-22.9505288,-43.1926064,0
382,22270900,17001150,-22.9557278,-43.1904547,-22.971622,-43.188442,-22.9505288,-43.1926064,0
383,22280120,17001150,-22.9568147,-43.1826014,-22.971622,-43.188442,-22.9489104,-43.1807636,2
384,22270970,17001150,-22.9557278,-43.1904547,-22.971622,-43.188442,-22.9505288,-43.1926064,0
385,22290020,17001150,-22.9541755,-43.182786,-22.971622,-43.188442,-22.9489104,-43.1807636,2
386,22280130,17001150,-22.9566339,-43.1821845,-22.971622,-43.188442,-22.9489104,-43.1807636,2
387,22260174,17001150,-22.9466812,-43.1943322,-22.971622,-43.188442,-22.9505288,-43.1926064,0
